frame_id,car_index,depth_m,depth_bin,truncated,occluded,clean_subset,points_in_3d_box,points_projected_in_image,projected_corners_iou,projected_corners_has_area,lidar_points_iou,lidar_points_has_area,gt_x1,gt_y1,gt_x2,gt_y2,corners_x1,corners_y1,corners_x2,corners_y2,lidar_x1,lidar_y1,lidar_x2,lidar_y2
000001,0,58.49,>=40m,0.0,0,True,9,9,0.9805792155970717,True,0.053628461855220785,True,387.63,181.54,423.81,203.12,387.8809817461105,181.4595996302404,423.7698102507707,203.2919188152593,394.8163248504743,194.88318800662165,405.3845602525575,198.8451733570862
000004,0,38.26,20-40m,0.0,0,True,77,77,0.9800793602166951,True,0.5325943822022546,True,280.38,185.1,344.9,215.59,280.6308266234518,184.85277444681324,344.8763067784587,215.83221683311902,286.4767326561562,194.46001905171903,340.7141271519752,213.77745789266294
000004,1,51.17,>=40m,0.0,0,True,26,26,0.9796579429978688,True,0.4023372625982136,True,365.14,184.54,406.11,205.2,365.345850196183,184.445901205217,406.0129449490881,205.38101053632593,368.4172114720615,189.326783542226,404.1604214838581,198.8545912827364
000007,0,25.01,20-40m,0.0,0,True,191,191,0.9667119802019462,True,0.8472970714990314,True,564.62,174.59,616.43,224.74,565.4822674388488,175.0120260902123,616.6555064316764,224.96047078357958,566.2902553762444,177.84733112477403,615.1229345252905,222.93000672792903
000007,1,47.55,>=40m,0.0,0,True,19,19,0.9719531768004971,True,0.34148124579469796,True,481.59,180.09,512.55,202.42,481.8496676318343,179.85710648600008,512.4094386793754,202.53901726391695,482.31299324069187,192.58099152113832,510.3056442768124,201.01458187394533
000007,2,60.52,>=40m,0.0,0,True,5,5,0.9732200547497134,True,0.005074180086587753,True,542.05,175.55,565.27,193.79,542.2247136363295,175.73341160107591,565.2443510290931,193.94468803128316,543.5390080878125,187.72998124169993,556.1607146702296,187.9002499518576
000008,0,3.68,<20m,0.88,3,False,6237,1424,0.0014151021078273865,True,0.8895970385457941,True,0.0,192.37,402.31,374.0,219.56401038623406,191.3346280888893,402.6967273731604,192.93730303595908,0.8391817376798781,206.34261797541475,390.45520448508404,374.9167718428659
000008,1,7.86,<20m,0.0,1,True,1940,1940,0.932704171790586,True,0.8760558476630443,True,334.85,178.94,624.5,372.04,335.783058370862,178.69011549395384,624.5448197689615,359.8865327621118,356.03836817671174,180.8168195501488,616.6345288576681,368.8435466161981
000008,2,6.15,<20m,0.34,3,False,1041,878,0.3762058334048172,True,0.8518640839418824,True,937.29,197.39,1241.0,374.0,938.8093144611796,195.86942796206094,1089.8661903447803,331.5475754137328,952.0343531344234,214.78081177123713,1241.9909792404724,374.73679215209614
000008,3,14.44,<20m,0.0,1,True,668,668,0.9740017462085421,True,0.8528752809595143,True,597.59,176.18,720.9,261.14,598.0678967121008,176.35120042473784,721.2785777077737,262.63551523939844,604.3254270295178,180.8730047060039,718.0960247547079,259.4089162921559
000008,4,33.2,20-40m,0.0,0,True,53,53,0.9648126354806893,True,0.689257709732725,True,741.18,168.83,792.25,208.43,741.6706475479675,169.3550315585611,792.2887502422866,208.91560853095123,744.6505243496565,170.48643945140952,784.0109026305721,205.90112685606437
000008,5,19.96,<20m,0.0,0,True,164,164,0.9711096331637186,True,0.730887592143889,True,884.52,178.31,956.41,240.18,885.375574880649,178.2402751822824,956.1167360780912,240.94612760947086,890.3002466960996,183.17003295518182,952.2535683324194,235.64287566836734
000009,0,23.88,20-40m,0.0,0,True,219,219,0.9691905624919593,True,0.7891935926773758,True,601.96,177.01,659.15,229.51,602.7258950069524,177.07969187873167,658.7444162269289,230.0091082194858,604.7635033510511,181.40508313793381,657.999853889086,225.91478390115722
000009,1,66.37,>=40m,0.0,2,False,4,4,0.9804577106969352,True,0.16286866602640657,True,600.14,177.09,624.65,193.31,600.2515775209974,177.0745874239214,624.7781213729945,193.45767373211066,605.1366766518606,182.96110351168878,619.3588456180393,187.5137703126416
000009,2,68.25,>=40m,0.0,0,True,1,1,0.9765780955208441,True,0.0,False,574.98,178.64,598.45,194.01,575.140095178741,178.51572420211681,598.421445697845,194.12980928858352,585.7484780623896,187.82370228743596,585.7484780623896,187.82370228743596
000010,0,5.2,<20m,0.8,0,False,1645,283,0.7228906793010996,True,0.8496429056178479,True,1013.39,182.46,1241.0,374.0,1015.2264077150546,181.08362111125447,1204.9246816754985,349.58956287754705,1021.0718783586566,204.2110319008243,1241.9601982983675,374.86032316340544
000010,1,11.8,<20m,0.0,0,True,1016,1016,0.9730093784212728,True,0.8141494831849512,True,354.43,185.52,549.52,294.49,354.97416944722585,184.7725046188561,549.8571160610747,296.2672535655886,373.1194832159364,189.75302109707513,541.9031593395862,292.29829974218677
000010,2,16.5,<20m,0.0,0,True,340,340,0.9665345171068871,True,0.7662283152921107,True,819.63,178.12,926.85,251.56,820.6326146444272,177.98991240160436,926.213586761583,252.83263871366248,824.8380546260307,184.95637243833878,921.6830529211534,247.25657692684462
000010,3,22.05,20-40m,0.0,2,False,48,48,0.9658414616932302,True,0.546665264076624,True,800.54,178.06,878.75,230.56,801.4463740562173,177.90660108762395,878.7624069725051,231.63916915829682,805.9597544156504,184.19195181585533,861.3505206039276,224.7153349606306
000010,4,23.64,20-40m,0.0,0,True,246,246,0.9736929947835116,True,0.8163067584737472,True,558.55,179.04,635.05,230.61,559.1191610178486,179.02753331906058,635.0644622466402,231.59426962806828,565.258105813261,182.12359194969187,632.3120211102909,230.15085270132795
000010,5,29.07,20-40m,0.0,2,False,55,55,0.9701812852632052,True,0.5149122422561937,True,598.3,178.68,652.25,218.17,598.9414033395154,178.68843734408998,652.2220242444396,218.87891260401935,620.9423218903618,179.08905499902895,649.078604129572,218.07832360860132
000010,6,28.53,20-40m,0.0,1,True,33,33,0.9695534897583151,True,0.5075870708903774,True,784.59,178.04,839.98,220.1,785.0678221749215,177.99508638777752,840.0357589581953,220.96625830925603,787.5770899122531,181.38608839717418,820.1331094237396,217.70893567990572
000010,7,42.85,>=40m,0.0,1,True,20,20,0.9731961226235505,True,0.5764107221386731,True,663.74,175.36,707.21,204.15,664.2152127096258,175.4288940904289,707.2008538336105,204.5477423570668,670.932262097105,180.7716265702029,703.451605047544,202.9546937124235
000011,0,26.64,20-40m,0.0,0,True,208,208,0.9622486896042994,True,0.8262309091628497,True,444.29,171.04,504.95,225.82,445.02358593009217,171.9676073863049,504.8867768841907,226.27600114783556,448.3746455500883,175.3337380283181,502.96187727847246,225.62989481407135
000011,1,4.13,<20m,0.98,0,False,3251,210,0.0,False,0.6878810238677276,True,0.0,217.12,85.92,374.0,85.59656521482813,214.96720042586304,85.59656521482813,214.96720042586304,0.5141997363426363,246.52212508322685,73.612326480961,374.92191315028856
000012,0,58.84,>=40m,0.0,0,True,13,13,0.9702557474704571,True,0.23265973774809343,True,662.2,185.85,690.21,205.03,662.4127626428843,185.68958356531368,690.1349186753105,205.2584181947708,673.2026805177657,191.50124010407853,688.8375113941062,199.49571159446614
000015,0,4.1,<20m,0.89,0,False,5857,1650,0.001489345440886192,True,0.8875679961776805,True,0.0,194.7,414.71,373.0,233.04887670183598,196.22647532011217,414.79338274711637,196.83269438848123,0.30440220985341737,207.38863555216795,398.44914402719377,373.8716873131429
000016,0,44.41,>=40m,0.0,2,False,24,24,0.9792166491764549,True,0.26266457109631747,True,661.23,174.85,694.38,197.63,661.3091206048756,175.0096492086401,694.4038212475683,197.87948218760903,663.8581780537269,185.10175278816368,685.8521311152031,194.12027660518544
000016,1,33.13,20-40m,0.0,0,True,51,51,0.9602189787890513,True,0.6058936605878139,True,684.49,172.19,733.85,205.26,684.9527530538684,172.6122524346565,733.6702373170714,205.7541675881495,687.5989999049324,178.80344873752173,730.3443234999586,201.94098675230993
000016,2,6.05,<20m,0.5,0,False,2051,1766,0.7449145158410093,True,0.8608932230060952,True,0.0,193.56,386.2,374.0,18.01630142896865,192.8194670923925,385.97929031589484,335.1857658528453,0.4765131183742833,209.43594233251125,366.93835538562644,374.996259953421
000016,3,46.74,>=40m,0.0,0,True,10,10,0.9752310914029001,True,0.15219486379313826,True,494.45,181.84,527.48,205.27,494.6974708050685,181.78934171892882,527.3061219977037,205.51166864492288,497.5409891154615,196.12139379946626,523.45023634281,200.66735854604724
000019,0,9.72,<20m,0.0,0,True,1236,1236,0.9758631367180104,True,0.8819239903262058,True,742.41,184.49,944.56,321.39,743.7322163121494,183.40463196053423,944.6047742712759,322.75830229298236,752.1715067206535,186.55101891325046,934.4138450993887,320.4752220921098
000019,1,59.59,>=40m,0.0,0,True,19,19,0.9673706713528771,True,0.43042568621010896,True,551.01,184.06,575.42,204.29,551.2956464910102,183.8666357348598,575.2628965325001,204.40528059745017,553.349300181966,187.55653199050047,569.3694914079064,200.82418628626795
000021,0,13.3,<20m,0.0,0,True,850,850,0.9768652908104368,True,0.8654555276907248,True,359.43,179.3,516.3,270.97,359.42946723924905,178.97950068867502,516.377331251277,272.7739287470463,369.03033579572065,183.17980120608837,511.5539251272794,270.5020945146975
000021,1,17.6,<20m,0.0,1,True,238,238,0.9556539485817545,True,0.6051703978015435,True,444.13,163.92,559.2,247.04,445.3438813548979,165.33209387847134,558.9621845908925,248.35744891820576,478.27113917940943,167.57176991925257,551.5936085018465,246.5137910409654
000021,2,25.97,20-40m,0.0,0,True,176,176,0.966089712612265,True,0.8232254117853665,True,724.49,171.09,790.5,215.13,724.7563002323275,171.9403467399762,790.556717720553,215.5795985395809,729.8261121513357,172.01641095748133,788.0895649642863,213.0916020737074
000021,3,26.83,20-40m,0.0,1,True,113,113,0.9572550766705945,True,0.5933979389835854,True,534.25,166.2,596.08,216.76,535.0111219799,167.0202108849874,595.915376385145,217.39233896850016,551.3570766153541,171.06840196004586,594.1660677540135,214.401261809907
000021,4,32.13,20-40m,0.0,2,False,50,50,0.960326484610934,True,0.7780759351894277,True,709.81,162.43,765.7,205.68,710.2848767352785,163.1935186832409,765.5014543187472,206.14422748078974,712.7998528339831,164.64034006818505,763.3913164921332,201.81653705421834
000021,5,31.78,20-40m,0.0,2,False,28,28,0.9754137973252115,True,0.25636271916474945,True,562.02,166.42,605.57,206.89,562.3024472513196,166.8479980321676,605.6306380533558,207.15062963165815,588.5302426187603,171.77891140999938,601.5838375450459,206.39245807310152
000023,0,55.08,>=40m,0.0,0,True,13,13,0.9821580102147335,True,0.07405960717876722,True,372.95,182.64,412.21,205.68,373.1396449843585,182.4820508295903,412.1340955212618,205.7836972103021,377.3037707241762,194.82121187645453,393.5431834272111,198.94640091638067
000025,0,3.14,<20m,0.94,3,False,1319,140,0.0,True,0.6353708134140093,True,896.11,218.17,1241.0,374.0,898.5029003166934,216.98302958382394,1129.9521763486844,218.09322741021123,914.8905032382695,268.7692036513244,1240.508690727119,374.5682273054145
000025,1,10.42,<20m,0.0,0,True,1121,1121,0.9742745637668554,True,0.869960089475565,True,351.84,183.19,537.77,308.64,351.7666609883152,182.21023161523294,538.1847944063541,310.63553951776197,355.561402702421,191.40455132760823,531.3796195907971,306.81778065271925
000025,2,30.18,20-40m,0.0,0,True,61,61,0.9669282727866185,True,0.6803647036224469,True,562.48,173.46,618.49,217.36,562.8961453665445,173.96220737936218,618.3098523894125,217.8697250443342,565.8448562030788,179.59114841216203,612.6683548280016,215.31909093288334
000025,3,17.48,<20m,0.0,0,True,316,316,0.9751509760069702,True,0.7352769107317583,True,724.21,178.91,805.39,249.94,725.107421124518,178.98822669072274,805.3517843060697,250.84158412620693,729.520491431869,186.131776963348,800.9525791620493,245.48556572478958
000025,4,22.3,20-40m,0.0,1,True,27,27,0.9728015225905532,True,0.19277425655980798,True,720.81,187.01,779.98,236.22,721.1333059631885,186.67116853149815,780.0457783260022,236.9304858242921,724.0493680949246,189.03483027606435,737.9809301216412,229.32546956510132
000031,0,12.2,<20m,0.0,0,True,1028,1028,0.9764220979806445,True,0.8527170795289443,True,334.28,180.65,490.02,297.48,335.7273438441271,179.98405255694783,490.0223086671438,298.5374760804724,340.4986565639362,184.93426860512147,486.5588589182941,291.1594816683424
000031,1,8.46,<20m,0.0,0,True,1028,1028,0.9908609426857024,True,0.8917318598749069,True,785.85,179.67,1028.82,340.75,786.7491195548324,179.3046239343149,1028.728879630269,341.21114269259,795.0990423264724,181.61439067219607,1017.5789736601904,338.48360313096924
000031,2,13.14,<20m,0.0,1,True,517,517,0.978203384985609,True,0.7131604698827126,True,711.98,179.65,848.82,277.62,713.0546386126352,179.1224587910857,849.175673072752,278.2403169952203,714.165891708885,186.47382556253712,825.2170164546578,272.5673475147361
000031,3,26.41,20-40m,0.0,0,True,141,141,0.9753634061961808,True,0.739751638230744,True,660.82,178.72,713.09,222.03,661.2641280806298,178.71072078852194,712.8565615531642,222.54589034184696,663.1006887911176,182.07994764145153,710.7742346639465,217.20760308565585
000032,0,9.0,<20m,0.0,0,True,1435,1435,0.9783876372773933,True,0.7792693380698089,True,178.19,189.36,435.56,344.73,178.1443875527685,188.62503752445608,436.1907794226634,347.0108734139042,200.26608317173148,192.15491672715015,425.40930265063264,330.5605620492771
000032,1,8.6,<20m,0.0,0,True,1352,1352,0.9812337248216836,True,0.900977376538532,True,776.17,182.37,1014.36,335.44,777.6705926778095,182.02622179328785,1013.5778336703476,336.54253011711035,783.5958326414112,188.13050635178283,1006.9306828305936,335.6881856434429
000032,2,13.47,<20m,0.0,1,True,410,410,0.9742995924477093,True,0.6712259836519733,True,711.6,180.21,863.08,273.6,712.314041241092,179.26942630684297,863.7530219875109,274.2565717864618,719.5204087478614,181.73977793985833,834.5200906745749,264.3108251716901
000032,3,19.85,<20m,0.0,2,False,71,71,0.9663012576153752,True,0.661576168853039,True,709.49,176.89,777.81,234.26,709.9161720281708,177.14060897060267,777.4996493515463,235.37615334215786,712.6165439842191,183.71430469803008,766.0143167633313,232.27550550967382
000032,4,25.25,20-40m,0.0,2,False,75,75,0.9632107856685036,True,0.38568800729317826,True,725.15,164.18,806.31,219.41,725.8924318160255,164.95046522737965,806.3297583317685,220.19611296663183,734.0374108548972,167.82158404627802,799.2995400015325,194.31219522393926
000032,5,44.75,>=40m,0.0,0,True,39,39,0.9628772902070948,True,0.4792763337555071,True,494.77,173.81,531.54,199.22,494.85283211104957,174.22767368896297,531.7657899049505,199.55264662467962,496.6822040382211,182.60480934459883,530.036653546136,196.0303103687811
000049,0,21.55,20-40m,0.0,0,True,206,206,0.9718225938597228,True,0.8260100554539376,True,595.5,177.15,657.31,227.34,596.1267011954695,177.49598708230516,657.5340999804151,227.74107719295873,597.7108391970287,180.5946000649702,655.4945701055819,224.9407268307539
000049,1,13.75,<20m,0.0,0,True,930,930,0.9702037568702869,True,0.86751411608238,True,305.23,179.59,494.97,263.68,305.9072734279399,179.8485057165719,494.5352492375484,265.50033225883084,307.9610727043915,182.94926700105094,484.6415630492248,261.2906444158381
000049,2,21.82,20-40m,0.0,2,False,140,140,0.971827383677246,True,0.5143068677934934,True,410.09,176.18,514.77,228.78,410.71263166178136,176.5177405326309,514.8405375444082,229.60658515330098,448.16872422105496,178.02663732892015,511.28689457910417,222.89264028116872
000049,3,24.83,20-40m,0.0,2,False,79,79,0.9655017273894114,True,0.5380191328537379,True,435.96,173.6,537.84,218.33,436.1481361523229,174.20161855068497,538.1202209207707,219.09865847376818,470.7565223333009,174.41285507953575,530.8842555934712,215.18942802589163
000049,4,32.49,20-40m,0.0,2,False,18,18,0.9576592442823294,True,0.08835314424100342,True,473.64,171.53,556.16,203.86,473.9956656357029,172.1371539478265,556.2318639348146,204.4871588282381,528.0549663151662,184.91537504259438,554.6225375347518,193.78765178716588
000049,5,9.53,<20m,0.0,1,True,571,571,0.9821619268017031,True,0.8027102360133993,True,823.97,189.33,1083.14,327.79,824.9892559490418,188.66136840812115,1082.9232100789143,328.97257126371,829.2817947417241,194.732083713234,1066.4585036051858,316.18160818475116
000049,6,14.89,<20m,0.0,1,True,432,432,0.9808795133183608,True,0.7359335392788983,True,753.34,185.35,885.42,263.59,753.9829653628616,184.85113157996162,885.1799551303761,264.08969234252936,758.4671500438374,188.18278223751776,868.834748998538,257.089712552006
000049,7,20.2,20-40m,0.0,2,False,198,198,0.9693536791289407,True,0.8401691599381573,True,719.83,169.31,816.44,238.11,720.4623798599148,170.46434323421525,816.5518670739141,238.561606198555,724.5660262870222,173.34086626144088,812.4073895052867,236.9146688786421
000049,8,31.83,20-40m,0.0,2,False,74,74,0.9733507704553465,True,0.48511024683242643,True,776.77,170.97,882.28,211.7,777.2036994081187,171.673094172071,882.1292043899753,211.53851399921675,803.5302361156859,172.80324536849795,867.0020931029729,205.6480949073058
000049,9,12.04,<20m,0.07,3,False,437,437,0.6689842139465736,True,0.7133614012451631,True,0.0,178.64,252.92,280.6,81.50867529678985,178.47552336549273,252.87598082667043,282.36353137850654,28.353762846029227,180.59101812016837,237.6977294596406,268.46537463710615
000049,10,17.23,<20m,0.0,1,True,312,312,0.9775133658087097,True,0.6437908499801467,True,194.14,174.89,341.99,241.74,194.82313020541372,175.1222260726661,341.91417714994725,242.6953142241801,226.98687655578098,178.3102160726352,335.798477407496,236.78819313554789
000049,11,35.67,20-40m,0.0,2,False,2,2,0.9709378648491018,True,0.009363073915748466,True,603.49,171.71,639.3,204.36,603.5915994658061,172.2067624751913,639.1704078604587,204.6134888248586,633.2984597327726,175.38505200823442,635.7087169592919,179.92700426589593
000049,12,21.69,20-40m,0.0,2,False,8,8,0.9771454613185871,True,0.067560077540388,True,287.85,175.62,379.41,228.84,287.93333708106087,176.22506147090235,379.52010940175455,229.3531197010136,331.43822777182754,179.99226033803902,362.1760617167366,190.70245917061246
000049,13,17.43,<20m,0.38,3,False,56,49,0.9373617537828208,True,0.4430555688624582,True,0.0,170.48,111.64,240.66,3.6951911169561065,171.46024573893413,111.34649144536374,241.70364572008117,7.660566345288981,176.38093259607055,94.8913892680754,216.17528318802138
000061,0,10.93,<20m,0.79,3,False,441,108,0.29784821515920173,True,0.689562106823513,True,0.0,212.28,41.28,328.12,28.838488287549097,210.8663552191857,41.35643887064087,327.3917725823388,0.4890076435454321,223.68404868441127,36.67147470608053,314.8165834499408
000061,1,33.21,20-40m,0.0,2,False,6,6,0.9727477298770077,True,0.1235233332452206,True,69.7,217.73,112.22,254.15,69.72294373408414,217.24038583229748,112.252329666391,254.63261097582128,84.43399519888908,240.92064156171088,102.17295510166538,251.70400015815332
000061,2,16.63,<20m,0.14,1,False,145,145,0.7957063074838262,True,0.5325180942032838,True,0.0,218.4,93.89,297.9,13.437222724521945,217.75544346188354,93.31368713454773,293.2696338267093,20.55073886651616,226.0301685833146,84.10354147345777,288.5742372034005
